#     t[s], lane,       x[m],     v[m/s],   a[m/s^2],     gap[m],    dv[m/s], label,           id,	roadId, originId, infoComment, absTime, xWithOffset[m]
      4.00,    1,        1.4,    13.8800,    0.00000,       0.00,   0.000000,  IDM,            1,        1,        1, , 1970-01-01T00:00:04Z,     1.3880
      5.00,    1,       15.3,    13.8800,    0.00000,       0.00,   0.000000,  IDM,            1,        1,        1, , 1970-01-01T00:00:05Z,    15.2680
      6.00,    1,       29.1,    13.8800,    0.00000,       0.00,   0.000000,  IDM,            1,        1,        1, , 1970-01-01T00:00:06Z,    29.1480
      7.00,    1,       43.0,    13.8800,    0.00000,       0.00,   0.000000,  IDM,            1,        1,        1, , 1970-01-01T00:00:07Z,    43.0280
      8.00,    1,       56.9,    13.8800,    0.00000,       0.00,   0.000000,  IDM,            1,        1,        1, , 1970-01-01T00:00:08Z,    56.9080
      8.00,    2,        1.4,    13.9250,    0.45026,       0.00,   0.000000,  IDM,            2,        1,        1, , 1970-01-01T00:00:08Z,     1.3903
      9.00,    1,       70.8,    13.8800,    0.00000,       0.00,   0.000000,  IDM,            1,        1,        1, , 1970-01-01T00:00:09Z,    70.7880
      9.00,    2,       15.4,    13.6894,   -1.62759,       0.00,   0.000000,  IDM,            2,        1,        1, , 1970-01-01T00:00:09Z,    15.4267
     10.00,    1,       84.7,    13.8800,    0.00000,       0.00,   0.000000,  IDM,            1,        1,        1, , 1970-01-01T00:00:10Z,    84.6680
     10.00,    2,       28.5,    12.5654,   -0.82634,       0.00,   0.000000,  IDM,            2,        1,        1, , 1970-01-01T00:00:10Z,    28.4925
     11.00,    2,       98.5,    13.8800,    0.00000,       0.00,   0.000000,  IDM,            1,        1,        1, , 1970-01-01T00:00:11Z,    98.5480
     11.00,    2,       40.7,    11.9154,   -0.55394,      51.83,  -1.964573,  IDM,            2,        1,        1, , 1970-01-01T00:00:11Z,    40.7156
     12.00,    2,      112.4,    13.8800,    0.00000,       0.00,   0.000000,  IDM,            1,        1,        1, , 1970-01-01T00:00:12Z,   112.4280
     12.00,    2,       52.4,    11.4996,   -0.32500,      54.02,  -2.380394,  IDM,            2,        1,        1, , 1970-01-01T00:00:12Z,    52.4050
     12.00,    3,        1.4,    13.9149,    0.34871,       0.00,   0.000000,  IDM,            3,        1,        1, , 1970-01-01T00:00:12Z,     1.3897
     13.00,    2,      126.3,    13.8800,    0.00000,       0.00,   0.000000,  IDM,            1,        1,        1, , 1970-01-01T00:00:13Z,   126.3080
     13.00,    2,       63.8,    11.2493,   -0.19960,      56.54,  -2.630717,  IDM,            2,        1,        1, , 1970-01-01T00:00:13Z,    63.7695
     13.00,    3,       15.4,    13.6272,   -1.57694,       0.00,   0.000000,  IDM,            3,        1,        1, , 1970-01-01T00:00:13Z,    15.3735
     14.00,    2,      140.2,    13.8800,    0.00000,       0.00,   0.000000,  IDM,            1,        1,        1, , 1970-01-01T00:00:14Z,   140.1880
     14.00,    2,       74.9,    11.0935,   -0.12552,      59.25,  -2.786538,  IDM,            2,        1,        1, , 1970-01-01T00:00:14Z,    74.9349
     14.00,    3,       28.4,    12.5334,   -0.80681,       0.00,   0.000000,  IDM,            3,        1,        1, , 1970-01-01T00:00:14Z,    28.3946
     15.00,    2,      154.2,    14.0800,    0.00000,       0.00,   0.000000,  IDM,            1,        1,        1, , 1970-01-01T00:00:15Z,   154.1580
     15.00,    2,       86.0,    10.9963,   -0.07645,      62.18,  -3.083713,  IDM,            2,        1,        1, , 1970-01-01T00:00:15Z,    85.9758
     15.00,    3,       40.6,    11.9317,   -0.46930,       0.00,   0.000000,  IDM,            3,        1,        1, , 1970-01-01T00:00:15Z,    40.6005
     16.00,    1,        1.4,    13.8596,   -0.20411,       0.00,   0.000000,  IDM,            4,        1,        1, , 1970-01-01T00:00:16Z,     1.3870
     16.00,    2,      168.5,    14.4800,    0.00000,       0.00,   0.000000,  IDM,            1,        1,        1, , 1970-01-01T00:00:16Z,   168.4680
     16.00,    2,       96.9,    10.9391,   -0.04364,      65.53,  -3.540925,  IDM,            2,        1,        1, , 1970-01-01T00:00:16Z,    96.9408
     16.00,    3,       52.3,    11.5688,   -0.29122,       0.00,   0.000000,  IDM,            3,        1,        1, , 1970-01-01T00:00:16Z,    52.3366
     17.00,    1,       15.1,    13.3055,   -1.32734,       0.00,   0.000000,  IDM,            4,        1,        1, , 1970-01-01T00:00:17Z,    15.0973
     17.00,    2,      183.2,    14.8800,    0.00000,       0.00,   0.000000,  IDM,            1,        1,        1, , 1970-01-01T00:00:17Z,   183.1680
     17.00,    2,      107.9,    10.9069,   -0.02382,      69.31,  -3.973078,  IDM,            2,        1,        1, , 1970-01-01T00:00:17Z,   107.8622
     17.00,    3,       63.8,    11.3389,   -0.18751,       0.00,   0.000000,  IDM,            3,        1,        1, , 1970-01-01T00:00:17Z,    63.7821
     18.00,    1,       27.9,    12.3641,   -0.70622,       0.00,   0.000000,  IDM,            4,        1,        1, , 1970-01-01T00:00:18Z,    27.8840
     18.00,    2,      198.3,    15.2800,    0.00000,       0.00,   0.000000,  IDM,            1,        1,        1, , 1970-01-01T00:00:18Z,   198.2880
     18.00,    2,      118.8,    10.8900,   -0.01214,      73.53,  -4.389959,  IDM,            2,        1,        1, , 1970-01-01T00:00:18Z,   118.7598
     18.00,    3,       75.0,    11.1890,   -0.12349,       0.00,   0.000000,  IDM,            3,        1,        1, , 1970-01-01T00:00:18Z,    75.0409
     19.00,    1,       40.0,    11.8319,   -0.41851,       0.00,   0.000000,  IDM,            4,        1,        1, , 1970-01-01T00:00:19Z,    39.9593
     19.00,    2,      213.8,    15.6800,    0.00000,       0.00,   0.000000,  IDM,            1,        1,        1, , 1970-01-01T00:00:19Z,   213.8080
     19.00,    2,      129.6,    10.8819,   -0.00546,      78.16,  -4.798107,  IDM,            2,        1,        1, , 1970-01-01T00:00:19Z,   129.6452
     19.00,    3,       86.2,    11.0895,   -0.08250,       0.00,   0.000000,  IDM,            3,        1,        1, , 1970-01-01T00:00:19Z,    86.1769
     20.00,    1,       51.6,    11.5064,   -0.26239,       0.00,   0.000000,  IDM,            4,        1,        1, , 1970-01-01T00:00:20Z,    51.6159
     20.00,    2,      229.5,    15.6800,    0.00000,       0.00,   0.000000,  IDM,            1,        1,        1, , 1970-01-01T00:00:20Z,   229.4880
     20.00,    2,      140.5,    10.8777,   -0.00330,      82.96,  -4.802305,  IDM,            2,        1,        1, , 1970-01-01T00:00:20Z,   140.5248
     20.00,    2,      111.3,    12.6009,   -2.67830,      23.21,   1.723267,  IDM,            5,        1,        1, , 1970-01-01T00:00:20Z,   111.3105
     20.00,    3,       97.2,    11.0227,   -0.05564,       0.00,   0.000000,  IDM,            3,        1,        1, , 1970-01-01T00:00:20Z,    97.2308
     21.00,    1,       63.0,    11.2985,   -0.17000,       0.00,   0.000000,  IDM,            4,        1,        1, , 1970-01-01T00:00:21Z,    63.0110
     21.00,    2,      245.2,    15.6800,    0.00000,       0.00,   0.000000,  IDM,            1,        1,        1, , 1970-01-01T00:00:21Z,   245.1679
     21.00,    2,      151.4,    10.8752,   -0.00190,      87.77,  -4.804784,  IDM,            2,        1,        1, , 1970-01-01T00:00:21Z,   151.4011
     21.00,    2,      123.0,    11.0250,   -1.01293,      22.40,   0.149844,  IDM,            5,        1,        1, , 1970-01-01T00:00:21Z,   123.0012
     21.00,    3,      108.2,    10.9775,   -0.03776,       0.00,   0.000000,  IDM,            3,        1,        1, , 1970-01-01T00:00:21Z,   108.2295
     22.00,    1,       74.2,    11.1624,   -0.11239,       0.00,   0.000000,  IDM,            4,        1,        1, , 1970-01-01T00:00:22Z,    74.2368
     22.00,    2,      260.8,    15.6800,    0.00000,       0.00,   0.000000,  IDM,            1,        1,        1, , 1970-01-01T00:00:22Z,   260.8479
     22.00,    2,      162.3,    10.8738,   -0.00099,      92.57,  -4.806150,  IDM,            2,        1,        1, , 1970-01-01T00:00:22Z,   162.2756
     22.00,    2,      133.6,    10.3449,   -0.47833,      22.63,  -0.528901,  IDM,            5,        1,        1, , 1970-01-01T00:00:22Z,   133.6448
     22.00,    3,      119.2,    10.9467,   -0.02573,       0.00,   0.000000,  IDM,            3,        1,        1, , 1970-01-01T00:00:22Z,   119.1906
     23.00,    1,       85.4,    11.0717,   -0.07528,       0.00,   0.000000,  IDM,            4,        1,        1, , 1970-01-01T00:00:23Z,    85.3508
     23.00,    2,      276.5,    15.6800,    0.00000,       0.00,   0.000000,  IDM,            1,        1,        1, , 1970-01-01T00:00:23Z,   276.5279
     23.00,    2,      173.1,    10.8732,   -0.00042,      97.38,  -4.806803,  IDM,            2,        1,        1, , 1970-01-01T00:00:23Z,   173.1490
     23.00,    2,      143.8,    10.0138,   -0.23584,      23.34,  -0.859395,  IDM,            5,        1,        1, , 1970-01-01T00:00:23Z,   143.8050
     23.00,    3,      130.1,    10.9257,   -0.01758,       0.00,   0.000000,  IDM,            3,        1,        1, , 1970-01-01T00:00:23Z,   130.1262
     24.00,    1,       96.4,    11.0107,   -0.05085,       0.00,   0.000000,  IDM,            4,        1,        1, , 1970-01-01T00:00:24Z,    96.3900
     24.00,    2,      292.2,    15.6800,    0.00000,       0.00,   0.000000,  IDM,            1,        1,        1, , 1970-01-01T00:00:24Z,   292.2079
     24.00,    2,      184.0,    10.8730,   -0.00006,     102.19,  -4.807009,  IDM,            2,        1,        1, , 1970-01-01T00:00:24Z,   184.0221
     24.00,    2,      153.7,     9.8539,   -0.10923,      24.29,  -1.019087,  IDM,            5,        1,        1, , 1970-01-01T00:00:24Z,   153.7288
     24.00,    3,      141.0,    10.9114,   -0.01204,       0.00,   0.000000,  IDM,            3,        1,        1, , 1970-01-01T00:00:24Z,   141.0443
     24.00,    3,      111.8,    12.6024,   -2.66392,      23.22,   1.691001,  IDM,            6,        1,        1, , 1970-01-01T00:00:24Z,   111.8267
     25.00,    1,      107.4,    10.9693,   -0.03455,       0.00,   0.000000,  IDM,            4,        1,        1, , 1970-01-01T00:00:25Z,   107.3787
     25.00,    2,      307.9,    15.6800,    0.00000,       0.00,   0.000000,  IDM,            1,        1,        1, , 1970-01-01T00:00:25Z,   307.8879
     25.00,    2,      194.9,    10.8730,    0.00016,     106.99,  -4.806940,  IDM,            2,        1,        1, , 1970-01-01T00:00:25Z,   194.8951
     25.00,    2,      163.5,     9.7866,   -0.03891,      25.35,  -1.086410,  IDM,            5,        1,        1, , 1970-01-01T00:00:25Z,   163.5435
     25.00,    3,      152.0,    10.9015,   -0.00825,       0.00,   0.000000,  IDM,            3,        1,        1, , 1970-01-01T00:00:25Z,   151.9505
     25.00,    3,      123.5,    11.0331,   -1.00964,      22.43,   0.131581,  IDM,            6,        1,        1, , 1970-01-01T00:00:25Z,   123.5229
     26.00,    1,      118.3,    10.9412,   -0.02356,       0.00,   0.000000,  IDM,            4,        1,        1, , 1970-01-01T00:00:26Z,   118.3331
     26.00,    2,      323.5,    14.7800,   -9.00000,       0.00,   0.000000,  IDM,            1,        1,        1, , 1970-01-01T00:00:26Z,   323.5229
     26.00,    2,      205.8,    10.8733,    0.00028,     111.75,  -3.906711,  IDM,            2,        1,        1, , 1970-01-01T00:00:26Z,   205.7682
     26.00,    2,      173.3,     9.7715,    0.00089,      26.45,  -1.101792,  IDM,            5,        1,        1, , 1970-01-01T00:00:26Z,   173.3194
     26.00,    3,      162.8,    10.8948,   -0.00566,       0.00,   0.000000,  IDM,            3,        1,        1, , 1970-01-01T00:00:26Z,   162.8484
     26.00,    3,      134.2,    10.3547,   -0.47754,      22.67,  -0.540091,  IDM,            6,        1,        1, , 1970-01-01T00:00:26Z,   134.1756
     27.00,    1,      129.3,    10.9219,   -0.01611,       0.00,   0.000000,  IDM,            4,        1,        1, , 1970-01-01T00:00:27Z,   129.2640
     27.00,    2,      337.9,    12.0800,   -9.00000,       0.00,   0.000000,  IDM,            1,        1,        1, , 1970-01-01T00:00:27Z,   337.8979
     27.00,    2,      216.6,    10.8698,   -0.01079,     115.26,  -1.210190,  IDM,            2,        1,        1, , 1970-01-01T00:00:27Z,   216.6402
     27.00,    2,      183.1,     9.7855,    0.02279,      27.54,  -1.084257,  IDM,            5,        1,        1, , 1970-01-01T00:00:27Z,   183.0961
     27.00,    3,      173.7,    10.8902,   -0.00389,       0.00,   0.000000,  IDM,            3,        1,        1, , 1970-01-01T00:00:27Z,   173.7408
     27.00,    3,      144.3,    10.0238,   -0.23599,      23.39,  -0.866401,  IDM,            6,        1,        1, , 1970-01-01T00:00:27Z,   144.3458
     28.00,    1,      140.2,    10.9088,   -0.01103,       0.00,   0.000000,  IDM,            4,        1,        1, , 1970-01-01T00:00:28Z,   140.1789
     28.00,    1,      111.0,    12.6023,   -2.66505,      23.22,   1.693499,  IDM,            7,        1,        1, , 1970-01-01T00:00:28Z,   110.9616
     28.00,    2,      347.1,     8.4800,    0.00000,       0.00,   0.000000,  IDM,            1,        1,        1, , 1970-01-01T00:00:28Z,   347.0979
     28.00,    2,      227.5,    10.8308,   -0.04243,     113.61,   2.350796,  IDM,            2,        1,        1, , 1970-01-01T00:00:28Z,   227.4928
     28.00,    2,      192.9,     9.8137,    0.03088,      28.60,  -1.017068,  IDM,            5,        1,        1, , 1970-01-01T00:00:28Z,   192.8952
     28.00,    3,      184.6,    10.8870,   -0.00267,       0.00,   0.000000,  IDM,            3,        1,        1, , 1970-01-01T00:00:28Z,   184.6292
     28.00,    3,      154.3,     9.8635,   -0.10978,      24.35,  -1.023516,  IDM,            6,        1,        1, , 1970-01-01T00:00:28Z,   154.2794
     29.00,    1,      151.1,    10.8998,   -0.00757,       0.00,   0.000000,  IDM,            4,        1,        1, , 1970-01-01T00:00:29Z,   151.0829
     29.00,    1,      122.7,    11.0325,   -1.00984,      22.43,   0.132778,  IDM,            7,        1,        1, , 1970-01-01T00:00:29Z,   122.6574
     29.00,    2,      355.7,     8.7800,    1.00000,       0.00,   0.000000,  IDM,            1,        1,        1, , 1970-01-01T00:00:29Z,   355.6928
     29.00,    2,      238.3,    10.7964,   -0.02833,     111.39,   2.016395,  IDM,            2,        1,        1, , 1970-01-01T00:00:29Z,   238.3053
     29.00,    2,      202.7,     9.8465,    0.03388,      29.58,  -0.949928,  IDM,            5,        1,        1, , 1970-01-01T00:00:29Z,   202.7250
     29.00,    3,      195.5,    10.8848,   -0.00184,       0.00,   0.000000,  IDM,            3,        1,        1, , 1970-01-01T00:00:29Z,   195.5151
     29.00,    3,      164.1,     9.7956,   -0.03962,      25.41,  -1.089239,  IDM,            6,        1,        1, , 1970-01-01T00:00:29Z,   164.1033
     30.00,    1,      162.0,    10.8936,   -0.00519,       0.00,   0.000000,  IDM,            4,        1,        1, , 1970-01-01T00:00:30Z,   161.9794
     30.00,    1,      133.3,    10.3540,   -0.47755,      22.67,  -0.539533,  IDM,            7,        1,        1, , 1970-01-01T00:00:30Z,   133.3094
     30.00,    2,      364.8,     9.2800,    0.00000,       0.00,   0.000000,  IDM,            1,        1,        1, , 1970-01-01T00:00:30Z,   364.8478
     30.00,    2,      249.1,    10.7777,   -0.01448,     109.76,   1.497696,  IDM,            2,        1,        1, , 1970-01-01T00:00:30Z,   249.0913
     30.00,    2,      212.6,     9.8812,    0.03528,      30.50,  -0.896486,  IDM,            5,        1,        1, , 1970-01-01T00:00:30Z,   212.5887
     30.00,    3,      206.4,    10.8833,   -0.00126,       0.00,   0.000000,  IDM,            3,        1,        1, , 1970-01-01T00:00:30Z,   206.3991
     30.00,    3,      173.9,     9.7797,    0.00014,      26.51,  -1.103631,  IDM,            6,        1,        1, , 1970-01-01T00:00:30Z,   173.8877
     31.00,    1,      172.9,    10.8893,   -0.00357,       0.00,   0.000000,  IDM,            4,        1,        1, , 1970-01-01T00:00:31Z,   172.8707
     31.00,    1,      143.5,    10.0231,   -0.23593,      23.39,  -0.866196,  IDM,            7,        1,        1, , 1970-01-01T00:00:31Z,   143.4790
     31.00,    2,      374.1,     9.2800,    0.00000,       0.00,   0.000000,  IDM,            1,        1,        1, , 1970-01-01T00:00:31Z,   374.1278
     31.00,    2,      259.9,    10.7652,   -0.01105,     108.27,   1.485215,  IDM,            2,        1,        1, , 1970-01-01T00:00:31Z,   259.8625
     31.00,    2,      222.5,     9.9166,    0.03521,      31.37,  -0.848650,  IDM,            5,        1,        1, , 1970-01-01T00:00:31Z,   222.4876
     31.00,    3,      217.3,    10.8823,   -0.00087,       0.00,   0.000000,  IDM,            3,        1,        1, , 1970-01-01T00:00:31Z,   217.2818
     31.00,    3,      183.7,     9.7931,    0.02235,      27.61,  -1.089145,  IDM,            6,        1,        1, , 1970-01-01T00:00:31Z,   183.6724
     32.00,    1,      383.4,     9.2800,    0.00000,       0.00,   0.000000,  IDM,            1,        1,        1, , 1970-01-01T00:00:32Z,   383.4078
     32.00,    1,      183.8,    10.8732,   -0.01511,     193.66,   1.593186,  IDM,            4,        1,        1, , 1970-01-01T00:00:32Z,   183.7522
     32.00,    1,      153.4,     9.8620,   -0.11140,      24.34,  -1.011124,  IDM,            7,        1,        1, , 1970-01-01T00:00:32Z,   153.4117
     32.00,    2,      270.6,    10.7969,    0.03133,       0.00,   0.000000,  IDM,            2,        1,        1, , 1970-01-01T00:00:32Z,   270.6422
     32.00,    2,      232.4,     9.9527,    0.03725,      32.22,  -0.844144,  IDM,            5,        1,        1, , 1970-01-01T00:00:32Z,   232.4220
     32.00,    2,      167.9,    13.5145,   -1.97195,      58.50,   3.561741,  IDM,            8,        1,        1, , 1970-01-01T00:00:32Z,   167.9213
     32.00,    3,      228.2,    10.8816,   -0.00060,       0.00,   0.000000,  IDM,            3,        1,        1, , 1970-01-01T00:00:32Z,   228.1637
     32.00,    3,      193.5,     9.8226,    0.03411,      28.68,  -1.058954,  IDM,            6,        1,        1, , 1970-01-01T00:00:32Z,   193.4793
     33.00,    1,      392.7,     9.2800,    0.00000,       0.00,   0.000000,  IDM,            1,        1,        1, , 1970-01-01T00:00:33Z,   392.6878
     33.00,    1,      194.6,    10.8607,   -0.01057,     192.07,   1.580718,  IDM,            4,        1,        1, , 1970-01-01T00:00:33Z,   194.6188
     33.00,    1,      163.2,     9.7920,   -0.04203,      25.39,  -1.068694,  IDM,            7,        1,        1, , 1970-01-01T00:00:33Z,   163.2332
     33.00,    2,      281.5,    10.8226,    0.02170,       0.00,   0.000000,  IDM,            2,        1,        1, , 1970-01-01T00:00:33Z,   281.4527
     33.00,    2,      242.4,     9.9903,    0.03751,      33.06,  -0.832328,  IDM,            5,        1,        1, , 1970-01-01T00:00:33Z,   242.3936
     33.00,    2,      180.7,    12.2057,   -0.93354,      55.69,   2.215350,  IDM,            8,        1,        1, , 1970-01-01T00:00:33Z,   180.7025
     33.00,    3,      239.0,    10.8811,   -0.00041,       0.00,   0.000000,  IDM,            3,        1,        1, , 1970-01-01T00:00:33Z,   239.0450
     33.00,    3,      203.3,     9.8601,    0.03959,      29.72,  -1.020946,  IDM,            6,        1,        1, , 1970-01-01T00:00:33Z,   203.3202
     34.00,    1,      402.0,     9.2800,    0.00000,       0.00,   0.000000,  IDM,            1,        1,        1, , 1970-01-01T00:00:34Z,   401.9678
     34.00,    1,      205.5,    10.8519,   -0.00747,     190.49,   1.571949,  IDM,            4,        1,        1, , 1970-01-01T00:00:34Z,   205.4748
     34.00,    1,      173.0,     9.7736,   -0.00239,      26.46,  -1.078332,  IDM,            7,        1,        1, , 1970-01-01T00:00:34Z,   173.0128
     34.00,    2,      292.3,    10.8405,    0.01500,       0.00,   0.000000,  IDM,            2,        1,        1, , 1970-01-01T00:00:34Z,   292.2848
     34.00,    2,      252.4,    10.0272,    0.03620,      33.88,  -0.813266,  IDM,            5,        1,        1, , 1970-01-01T00:00:34Z,   252.4024
     34.00,    2,      192.5,    11.5237,   -0.52307,      53.87,   1.496467,  IDM,            8,        1,        1, , 1970-01-01T00:00:34Z,   192.5351
     34.00,    3,      249.9,    10.8807,   -0.00028,       0.00,   0.000000,  IDM,            3,        1,        1, , 1970-01-01T00:00:34Z,   249.9259
     34.00,    3,      213.2,     9.9009,    0.04130,      30.73,  -0.979847,  IDM,            6,        1,        1, , 1970-01-01T00:00:34Z,   213.2006
     35.00,    1,      411.2,     9.2800,    0.00000,       0.00,   0.000000,  IDM,            1,        1,        1, , 1970-01-01T00:00:35Z,   411.2478
     35.00,    1,      216.3,    10.8457,   -0.00536,     188.92,   1.565701,  IDM,            4,        1,        1, , 1970-01-01T00:00:35Z,   216.3235
     35.00,    1,      182.8,     9.7846,    0.01998,      27.53,  -1.061088,  IDM,            7,        1,        1, , 1970-01-01T00:00:35Z,   182.7902
     35.00,    2,      303.1,    10.8528,    0.01035,       0.00,   0.000000,  IDM,            2,        1,        1, , 1970-01-01T00:00:35Z,   303.1318
     35.00,    2,      262.4,    10.0623,    0.03410,      34.68,  -0.790482,  IDM,            5,        1,        1, , 1970-01-01T00:00:35Z,   262.4473
     35.00,    2,      203.8,    11.1241,   -0.31727,      52.60,   1.061868,  IDM,            8,        1,        1, , 1970-01-01T00:00:35Z,   203.8426
     35.00,    3,      260.8,    10.8805,   -0.00019,       0.00,   0.000000,  IDM,            3,        1,        1, , 1970-01-01T00:00:35Z,   260.8065
     35.00,    3,      223.1,     9.9420,    0.04082,      31.68,  -0.938447,  IDM,            6,        1,        1, , 1970-01-01T00:00:35Z,   223.1221
     36.00,    1,      420.5,     9.2800,    0.00000,       0.00,   0.000000,  IDM,            1,        1,        1, , 1970-01-01T00:00:36Z,   420.5277
     36.00,    1,      227.2,    10.8412,   -0.00393,     187.36,   1.561173,  IDM,            4,        1,        1, , 1970-01-01T00:00:36Z,   227.1668
     36.00,    1,      192.6,     9.8119,    0.03202,      28.58,  -1.029300,  IDM,            7,        1,        1, , 1970-01-01T00:00:36Z,   192.5874
     36.00,    2,      314.0,    10.8612,    0.00714,       0.00,   0.000000,  IDM,            2,        1,        1, , 1970-01-01T00:00:36Z,   313.9891
     36.00,    2,      272.5,    10.0951,    0.03170,      35.46,  -0.766172,  IDM,            5,        1,        1, , 1970-01-01T00:00:36Z,   272.5262
     36.00,    2,      214.8,    10.8758,   -0.20106,      51.69,   0.780768,  IDM,            8,        1,        1, , 1970-01-01T00:00:36Z,   214.8333
     36.00,    3,      271.7,    10.8803,   -0.00013,       0.00,   0.000000,  IDM,            3,        1,        1, , 1970-01-01T00:00:36Z,   271.6869
     36.00,    3,      233.1,     9.9820,    0.03913,      32.60,  -0.898328,  IDM,            6,        1,        1, , 1970-01-01T00:00:36Z,   233.0843
     36.00,    3,      167.9,    13.5190,   -1.96267,      59.16,   3.537009,  IDM,            9,        1,        1, , 1970-01-01T00:00:36Z,   167.9217
     37.00,    1,      429.8,     9.2800,    0.00000,       0.00,   0.000000,  IDM,            1,        1,        1, , 1970-01-01T00:00:37Z,   429.8077
     37.00,    1,      238.0,    10.8378,   -0.00295,     185.80,   1.557815,  IDM,            4,        1,        1, , 1970-01-01T00:00:37Z,   238.0062
     37.00,    1,      202.4,     9.8475,    0.03779,      29.59,  -0.990349,  IDM,            7,        1,        1, , 1970-01-01T00:00:37Z,   202.4166
     37.00,    2,      324.9,    10.8671,    0.00491,       0.00,   0.000000,  IDM,            2,        1,        1, , 1970-01-01T00:00:37Z,   324.8534
     37.00,    2,      282.6,    10.1254,    0.02925,      36.22,  -0.741668,  IDM,            5,        1,        1, , 1970-01-01T00:00:37Z,   282.6366
     37.00,    2,      225.6,    10.7162,   -0.13082,      51.01,   0.590749,  IDM,            8,        1,        1, , 1970-01-01T00:00:37Z,   225.6237
     37.00,    3,      282.6,    10.8802,   -0.00009,       0.00,   0.000000,  IDM,            3,        1,        1, , 1970-01-01T00:00:37Z,   282.5672
     37.00,    3,      243.1,    10.0199,    0.03682,      33.48,  -0.860326,  IDM,            6,        1,        1, , 1970-01-01T00:00:37Z,   243.0854
     37.00,    3,      180.7,    12.2154,   -0.93034,      56.37,   2.195467,  IDM,            9,        1,        1, , 1970-01-01T00:00:37Z,   180.7105
     38.00,    1,      439.1,     9.2800,    0.00000,       0.00,   0.000000,  IDM,            1,        1,        1, , 1970-01-01T00:00:38Z,   439.0877
     38.00,    1,      248.8,    10.8352,   -0.00228,     184.25,   1.555254,  IDM,            4,        1,        1, , 1970-01-01T00:00:38Z,   248.8427
     38.00,    1,      212.3,     9.8866,    0.03979,      30.56,  -0.948662,  IDM,            7,        1,        1, , 1970-01-01T00:00:38Z,   212.2835
     38.00,    2,      335.7,    10.8711,    0.00338,       0.00,   0.000000,  IDM,            2,        1,        1, , 1970-01-01T00:00:38Z,   335.7226
     38.00,    2,      292.8,    10.1534,    0.02690,      36.95,  -0.717744,  IDM,            5,        1,        1, , 1970-01-01T00:00:38Z,   292.7762
     38.00,    2,      236.3,    10.6113,   -0.08655,      50.49,   0.457951,  IDM,            8,        1,        1, , 1970-01-01T00:00:38Z,   236.2839
     38.00,    3,      293.4,    10.8802,   -0.00006,       0.00,   0.000000,  IDM,            3,        1,        1, , 1970-01-01T00:00:38Z,   293.4473
     38.00,    3,      253.1,    10.0553,    0.03428,      34.32,  -0.824817,  IDM,            6,        1,        1, , 1970-01-01T00:00:38Z,   253.1232
     38.00,    3,      192.6,    11.5355,   -0.52153,      54.57,   1.480174,  IDM,            9,        1,        1, , 1970-01-01T00:00:38Z,   192.5539
     39.00,    1,      448.4,     9.2800,    0.00000,       0.00,   0.000000,  IDM,            1,        1,        1, , 1970-01-01T00:00:39Z,   448.3677
     39.00,    1,      259.7,    10.8332,   -0.00183,     182.69,   1.553232,  IDM,            4,        1,        1, , 1970-01-01T00:00:39Z,   259.6769
     39.00,    1,      222.2,     9.9264,    0.03955,      31.49,  -0.906847,  IDM,            7,        1,        1, , 1970-01-01T00:00:39Z,   222.1900
     39.00,    2,      346.6,    10.8739,    0.00233,       0.00,   0.000000,  IDM,            2,        1,        1, , 1970-01-01T00:00:39Z,   346.5952
     39.00,    2,      302.9,    10.1791,    0.02473,      37.65,  -0.694823,  IDM,            5,        1,        1, , 1970-01-01T00:00:39Z,   302.9426
     39.00,    2,      246.9,    10.5415,   -0.05790,      50.08,   0.362469,  IDM,            8,        1,        1, , 1970-01-01T00:00:39Z,   246.8580
     39.00,    3,      304.3,    10.8801,   -0.00004,       0.00,   0.000000,  IDM,            3,        1,        1, , 1970-01-01T00:00:39Z,   304.3275
     39.00,    3,      263.2,    10.0882,    0.03171,      35.13,  -0.791902,  IDM,            6,        1,        1, , 1970-01-01T00:00:39Z,   263.1952
     39.00,    3,      203.9,    11.1371,   -0.31643,      53.32,   1.048917,  IDM,            9,        1,        1, , 1970-01-01T00:00:39Z,   203.8740
     40.00,    1,      457.6,     9.2800,    0.00000,       0.00,   0.000000,  IDM,            1,        1,        1, , 1970-01-01T00:00:40Z,   457.6477
     40.00,    1,      270.5,    10.8316,   -0.00153,     181.14,   1.551574,  IDM,            4,        1,        1, , 1970-01-01T00:00:40Z,   270.5092
     40.00,    1,      232.1,     9.9652,    0.03806,      32.37,  -0.866383,  IDM,            7,        1,        1, , 1970-01-01T00:00:40Z,   232.1359
     40.00,    1,      167.9,    13.5127,   -1.97384,      58.21,   3.547527,  IDM,           10,        1,        1, , 1970-01-01T00:00:40Z,   167.9211
     40.00,    2,      357.5,    10.8758,    0.00160,       0.00,   0.000000,  IDM,            2,        1,        1, , 1970-01-01T00:00:40Z,   357.4701
     40.00,    2,      313.1,    10.2027,    0.02275,      38.34,  -0.673107,  IDM,            5,        1,        1, , 1970-01-01T00:00:40Z,   313.1337
     40.00,    2,      257.4,    10.4947,   -0.03901,      49.76,   0.291974,  IDM,            8,        1,        1, , 1970-01-01T00:00:40Z,   257.3746
     40.00,    3,      315.2,    10.8801,   -0.00003,       0.00,   0.000000,  IDM,            3,        1,        1, , 1970-01-01T00:00:40Z,   315.2076
     40.00,    3,      273.3,    10.1185,    0.02924,      35.91,  -0.761525,  IDM,            6,        1,        1, , 1970-01-01T00:00:40Z,   273.2988
     40.00,    3,      214.9,    10.8894,   -0.20057,      52.42,   0.770905,  IDM,            9,        1,        1, , 1970-01-01T00:00:40Z,   214.8780
     41.00,    1,      466.9,     9.2800,    0.00000,       0.00,   0.000000,  IDM,            1,        1,        1, , 1970-01-01T00:00:41Z,   466.9277
     41.00,    1,      281.3,    10.8301,   -0.00133,     179.59,   1.550158,  IDM,            4,        1,        1, , 1970-01-01T00:00:41Z,   281.3401
     41.00,    1,      242.1,    10.0021,    0.03592,      33.22,  -0.828047,  IDM,            7,        1,        1, , 1970-01-01T00:00:41Z,   242.1197
     41.00,    1,      180.7,    12.2030,   -0.93397,      55.42,   2.200905,  IDM,           10,        1,        1, , 1970-01-01T00:00:41Z,   180.7000
     41.00,    2,      368.3,    10.8771,    0.00110,       0.00,   0.000000,  IDM,            2,        1,        1, , 1970-01-01T00:00:41Z,   368.3466
     41.00,    2,      323.3,    10.2244,    0.02097,      39.00,  -0.652667,  IDM,            5,        1,        1, , 1970-01-01T00:00:41Z,   323.3474
     41.00,    2,      267.9,    10.4630,   -0.02641,      49.49,   0.238554,  IDM,            8,        1,        1, , 1970-01-01T00:00:41Z,   267.8524
     41.00,    3,      326.1,    10.8800,   -0.00002,       0.00,   0.000000,  IDM,            3,        1,        1, , 1970-01-01T00:00:41Z,   326.0876
     41.00,    3,      283.4,    10.1465,    0.02694,      36.66,  -0.733541,  IDM,            6,        1,        1, , 1970-01-01T00:00:41Z,   283.4315
     41.00,    3,      225.7,    10.7301,   -0.13054,      51.75,   0.583646,  IDM,            9,        1,        1, , 1970-01-01T00:00:41Z,   225.6822
     42.00,    1,      476.2,     9.2800,    0.00000,       0.00,   0.000000,  IDM,            1,        1,        1, , 1970-01-01T00:00:42Z,   476.2077
     42.00,    1,      292.2,    10.8289,   -0.00120,     178.04,   1.548902,  IDM,            4,        1,        1, , 1970-01-01T00:00:42Z,   292.1696
     42.00,    1,      252.1,    10.0367,    0.03351,      34.03,  -0.792183,  IDM,            7,        1,        1, , 1970-01-01T00:00:42Z,   252.1393
     42.00,    1,      192.5,    11.5207,   -0.52324,      53.61,   1.484039,  IDM,           10,        1,        1, , 1970-01-01T00:00:42Z,   192.5298
     42.00,    2,      379.2,    10.8780,    0.00076,       0.00,   0.000000,  IDM,            2,        1,        1, , 1970-01-01T00:00:42Z,   379.2242
     42.00,    2,      333.6,    10.2445,    0.01937,      39.64,  -0.633493,  IDM,            5,        1,        1, , 1970-01-01T00:00:42Z,   333.5820
     42.00,    2,      278.3,    10.4415,   -0.01793,      49.28,   0.197006,  IDM,            8,        1,        1, , 1970-01-01T00:00:42Z,   278.3040
     42.00,    3,      337.0,    10.8800,   -0.00001,       0.00,   0.000000,  IDM,            3,        1,        1, , 1970-01-01T00:00:42Z,   336.9676
     42.00,    3,      293.6,    10.1723,    0.02482,      37.38,  -0.707769,  IDM,            6,        1,        1, , 1970-01-01T00:00:42Z,   293.5911
     42.00,    3,      236.4,    10.6255,   -0.08640,      51.23,   0.453246,  IDM,            9,        1,        1, , 1970-01-01T00:00:42Z,   236.3565
     43.00,    1,      485.6,     9.3800,    0.00000,       0.00,   0.000000,  IDM,            1,        1,        1, , 1970-01-01T00:00:43Z,   485.5526
     43.00,    1,      303.0,    10.8280,   -0.00070,     176.55,   1.448023,  IDM,            4,        1,        1, , 1970-01-01T00:00:43Z,   302.9979
     43.00,    1,      262.2,    10.0689,    0.03106,      34.81,  -0.759148,  IDM,            7,        1,        1, , 1970-01-01T00:00:43Z,   262.1923
     43.00,    1,      203.8,    11.1211,   -0.31741,      52.36,   1.052226,  IDM,           10,        1,        1, , 1970-01-01T00:00:43Z,   203.8343
     43.00,    2,      390.1,    10.8786,    0.00052,       0.00,   0.000000,  IDM,            2,        1,        1, , 1970-01-01T00:00:43Z,   390.1025
     43.00,    2,      343.8,    10.2631,    0.01795,      40.27,  -0.615535,  IDM,            5,        1,        1, , 1970-01-01T00:00:43Z,   343.8359
     43.00,    2,      288.7,    10.4269,   -0.01217,      49.10,   0.163849,  IDM,            8,        1,        1, , 1970-01-01T00:00:43Z,   288.7377
     43.00,    3,      347.8,    10.8800,   -0.00001,       0.00,   0.000000,  IDM,            3,        1,        1, , 1970-01-01T00:00:43Z,   347.8477
     43.00,    3,      303.8,    10.1960,    0.02290,      38.07,  -0.684011,  IDM,            6,        1,        1, , 1970-01-01T00:00:43Z,   303.7754
     43.00,    3,      246.9,    10.5558,   -0.05783,      50.83,   0.359809,  IDM,            9,        1,        1, , 1970-01-01T00:00:43Z,   246.9448
     44.00,    1,      495.3,    10.2800,    1.00000,       0.00,   0.000000,  IDM,            1,        1,        1, , 1970-01-01T00:00:44Z,   495.3376
     44.00,    1,      313.8,    10.8289,    0.00266,     175.51,   0.548916,  IDM,            4,        1,        1, , 1970-01-01T00:00:44Z,   313.8261
     44.00,    1,      272.3,    10.0986,    0.02879,      35.55,  -0.730257,  IDM,            7,        1,        1, , 1970-01-01T00:00:44Z,   272.2762
     44.00,    1,      214.8,    10.8726,   -0.20122,      51.45,   0.773990,  IDM,           10,        1,        1, , 1970-01-01T00:00:44Z,   214.8219
     44.00,    2,      401.0,    10.8790,    0.00036,       0.00,   0.000000,  IDM,            2,        1,        1, , 1970-01-01T00:00:44Z,   400.9813
     44.00,    2,      354.1,    10.2803,    0.01668,      40.87,  -0.598719,  IDM,            5,        1,        1, , 1970-01-01T00:00:44Z,   354.1077
     44.00,    2,      299.2,    10.4171,   -0.00824,      48.95,   0.136720,  IDM,            8,        1,        1, , 1970-01-01T00:00:44Z,   299.1594
     44.00,    2,      167.9,    13.6692,   -1.71237,     125.22,   3.252116,  IDM,           11,        1,        1, , 1970-01-01T00:00:44Z,   167.9355
     44.00,    3,      358.7,    10.8800,   -0.00001,       0.00,   0.000000,  IDM,            3,        1,        1, , 1970-01-01T00:00:44Z,   358.7277
     44.00,    3,      314.0,    10.2179,    0.02116,      38.75,  -0.662074,  IDM,            6,        1,        1, , 1970-01-01T00:00:44Z,   313.9825
     44.00,    3,      257.5,    10.5090,   -0.03901,      50.51,   0.291035,  IDM,            9,        1,        1, , 1970-01-01T00:00:44Z,   257.4757
     45.00,    1,      505.9,    10.5800,    0.00000,       0.00,   0.000000,  IDM,            1,        1,        1, , 1970-01-01T00:00:45Z,   505.8726
     45.00,    1,      324.7,    10.8323,    0.00311,     175.22,   0.252365,  IDM,            4,        1,        1, , 1970-01-01T00:00:45Z,   324.6567
     45.00,    1,      282.4,    10.1263,    0.02682,      36.27,  -0.706009,  IDM,            7,        1,        1, , 1970-01-01T00:00:45Z,   282.3889
     45.00,    1,      225.6,    10.7128,   -0.13100,      50.78,   0.586450,  IDM,           10,        1,        1, , 1970-01-01T00:00:45Z,   225.6090
     45.00,    2,      411.9,    10.8793,    0.00025,       0.00,   0.000000,  IDM,            2,        1,        1, , 1970-01-01T00:00:45Z,   411.8606
     45.00,    2,      364.4,    10.2964,    0.01555,      41.46,  -0.582960,  IDM,            5,        1,        1, , 1970-01-01T00:00:45Z,   364.3962
     45.00,    2,      309.6,    10.4104,   -0.00553,      48.82,   0.114002,  IDM,            8,        1,        1, , 1970-01-01T00:00:45Z,   309.5729
     45.00,    2,      181.0,    12.4994,   -0.85277,     122.62,   2.089015,  IDM,           11,        1,        1, , 1970-01-01T00:00:45Z,   180.9539
     45.00,    3,      369.6,    10.8800,   -0.00000,       0.00,   0.000000,  IDM,            3,        1,        1, , 1970-01-01T00:00:45Z,   369.6077
     45.00,    3,      324.2,    10.2382,    0.01960,      39.40,  -0.641777,  IDM,            6,        1,        1, , 1970-01-01T00:00:45Z,   324.2107
     45.00,    3,      268.0,    10.4773,   -0.02645,      50.24,   0.239053,  IDM,            9,        1,        1, , 1970-01-01T00:00:45Z,   267.9678
     46.00,    1,      516.5,    10.6800,    0.00000,       0.00,   0.000000,  IDM,            1,        1,        1, , 1970-01-01T00:00:46Z,   516.4776
     46.00,    1,      335.5,    10.8350,    0.00251,     174.99,   0.154970,  IDM,            4,        1,        1, , 1970-01-01T00:00:46Z,   335.4904
     46.00,    1,      292.5,    10.1521,    0.02490,      36.96,  -0.682857,  IDM,            7,        1,        1, , 1970-01-01T00:00:46Z,   292.5283
     46.00,    1,      236.3,    10.6077,   -0.08675,      50.26,   0.455652,  IDM,           10,        1,        1, , 1970-01-01T00:00:46Z,   236.2657
     46.00,    2,      422.7,    10.8795,    0.00017,       0.00,   0.000000,  IDM,            2,        1,        1, , 1970-01-01T00:00:46Z,   422.7400
     46.00,    2,      374.7,    10.3114,    0.01454,      42.04,  -0.568176,  IDM,            5,        1,        1, , 1970-01-01T00:00:46Z,   374.7001
     46.00,    2,      320.0,    10.4059,   -0.00366,      48.72,   0.094572,  IDM,            8,        1,        1, , 1970-01-01T00:00:46Z,   319.9809
     46.00,    2,      193.1,    11.8681,   -0.48936,     120.87,   1.462161,  IDM,           11,        1,        1, , 1970-01-01T00:00:46Z,   193.1091
     46.00,    3,      380.5,    10.8800,   -0.00000,       0.00,   0.000000,  IDM,            3,        1,        1, , 1970-01-01T00:00:46Z,   380.4877
     46.00,    3,      334.5,    10.2570,    0.01820,      40.03,  -0.622951,  IDM,            6,        1,        1, , 1970-01-01T00:00:46Z,   334.4584
     46.00,    3,      278.4,    10.4557,   -0.01799,      50.02,   0.198703,  IDM,            9,        1,        1, , 1970-01-01T00:00:46Z,   278.4336
     47.00,    1,      527.3,    11.2800,    1.00000,       0.00,   0.000000,  IDM,            1,        1,        1, , 1970-01-01T00:00:47Z,   527.3376
     47.00,    1,      346.3,    10.8376,    0.00361,     175.01,  -0.442393,  IDM,            4,        1,        1, , 1970-01-01T00:00:47Z,   346.3265
     47.00,    1,      302.7,    10.1760,    0.02312,      37.63,  -0.661591,  IDM,            7,        1,        1, , 1970-01-01T00:00:47Z,   302.6924
     47.00,    1,      246.8,    10.5378,   -0.05810,      49.86,   0.361761,  IDM,           10,        1,        1, , 1970-01-01T00:00:47Z,   246.8361
     47.00,    2,      433.6,    10.8797,    0.00012,       0.00,   0.000000,  IDM,            2,        1,        1, , 1970-01-01T00:00:47Z,   433.6196
     47.00,    2,      385.0,    10.3254,    0.01363,      42.60,  -0.554285,  IDM,            5,        1,        1, , 1970-01-01T00:00:47Z,   385.0186
     47.00,    2,      330.4,    10.4030,   -0.00234,      48.63,   0.077647,  IDM,            8,        1,        1, , 1970-01-01T00:00:47Z,   330.3853
     47.00,    2,      204.8,    11.4914,   -0.30115,     119.61,   1.088338,  IDM,           11,        1,        1, , 1970-01-01T00:00:47Z,   204.7738
     47.00,    3,      391.4,    10.8800,   -0.00000,       0.00,   0.000000,  IDM,            3,        1,        1, , 1970-01-01T00:00:47Z,   391.3677
     47.00,    3,      344.7,    10.2745,    0.01695,      40.64,  -0.605446,  IDM,            6,        1,        1, , 1970-01-01T00:00:47Z,   344.7243
     47.00,    3,      288.9,    10.4411,   -0.01226,      49.84,   0.166542,  IDM,            9,        1,        1, , 1970-01-01T00:00:47Z,   288.8816
     48.00,    1,      539.1,    12.2800,    1.00000,       0.00,   0.000000,  IDM,            1,        1,        1, , 1970-01-01T00:00:48Z,   539.1175
     48.00,    1,      357.2,    10.8424,    0.00560,     175.95,  -1.437574,  IDM,            4,        1,        1, , 1970-01-01T00:00:48Z,   357.1664
     48.00,    1,      312.9,    10.1983,    0.02162,      38.29,  -0.644133,  IDM,            7,        1,        1, , 1970-01-01T00:00:48Z,   312.8797
     48.00,    1,      257.3,    10.4907,   -0.03921,      49.53,   0.292417,  IDM,           10,        1,        1, , 1970-01-01T00:00:48Z,   257.3488
     48.00,    2,      444.5,    10.8798,    0.00008,       0.00,   0.000000,  IDM,            2,        1,        1, , 1970-01-01T00:00:48Z,   444.4994
     48.00,    2,      395.4,    10.3386,    0.01281,      43.15,  -0.541210,  IDM,            5,        1,        1, , 1970-01-01T00:00:48Z,   395.3506
     48.00,    2,      340.8,    10.4012,   -0.00141,      48.56,   0.062675,  IDM,            8,        1,        1, , 1970-01-01T00:00:48Z,   340.7874
     48.00,    2,      216.1,    11.2544,   -0.19279,     118.65,   0.853166,  IDM,           11,        1,        1, , 1970-01-01T00:00:48Z,   216.1381
     48.00,    3,      402.2,    10.8800,   -0.00000,       0.00,   0.000000,  IDM,            3,        1,        1, , 1970-01-01T00:00:48Z,   402.2477
     48.00,    3,      355.0,    10.2909,    0.01582,      41.24,  -0.589127,  IDM,            6,        1,        1, , 1970-01-01T00:00:48Z,   355.0071
     48.00,    3,      299.3,    10.4311,   -0.00834,      49.69,   0.140242,  IDM,            9,        1,        1, , 1970-01-01T00:00:48Z,   299.3174
     48.00,    3,      167.9,    13.6693,   -1.71195,     125.38,   3.238214,  IDM,           12,        1,        1, , 1970-01-01T00:00:48Z,   167.9355
     49.00,    1,      551.4,    12.2800,    0.00000,       0.00,   0.000000,  IDM,            1,        1,        1, , 1970-01-01T00:00:49Z,   551.3975
     49.00,    1,      368.0,    10.8473,    0.00419,     177.39,  -1.432657,  IDM,            4,        1,        1, , 1970-01-01T00:00:49Z,   368.0114
     49.00,    1,      323.1,    10.2191,    0.02026,      38.92,  -0.628176,  IDM,            7,        1,        1, , 1970-01-01T00:00:49Z,   323.0885
     49.00,    1,      267.8,    10.4588,   -0.02659,      49.27,   0.239689,  IDM,           10,        1,        1, , 1970-01-01T00:00:49Z,   267.8226
     49.00,    2,      455.4,    10.8798,    0.00006,       0.00,   0.000000,  IDM,            2,        1,        1, , 1970-01-01T00:00:49Z,   455.3792
     49.00,    2,      405.7,    10.3510,    0.01207,      43.68,  -0.528882,  IDM,            5,        1,        1, , 1970-01-01T00:00:49Z,   405.6954
     49.00,    2,      351.2,    10.4002,   -0.00074,      48.51,   0.049258,  IDM,            8,        1,        1, , 1970-01-01T00:00:49Z,   351.1880
     49.00,    2,      227.3,    11.1007,   -0.12645,     117.88,   0.700432,  IDM,           11,        1,        1, , 1970-01-01T00:00:49Z,   227.3103
     49.00,    3,      413.1,    10.8800,   -0.00000,       0.00,   0.000000,  IDM,            3,        1,        1, , 1970-01-01T00:00:49Z,   413.1277
     49.00,    3,      365.3,    10.3061,    0.01480,      41.82,  -0.573875,  IDM,            6,        1,        1, , 1970-01-01T00:00:49Z,   365.3057
     49.00,    3,      309.7,    10.4243,   -0.00565,      49.56,   0.118214,  IDM,            9,        1,        1, , 1970-01-01T00:00:49Z,   309.7449
     49.00,    3,      181.0,    12.4998,   -0.85261,     122.79,   2.075466,  IDM,           12,        1,        1, , 1970-01-01T00:00:49Z,   180.9542
     50.00,    1,      563.7,    12.2800,    0.00000,       0.00,   0.000000,  IDM,            1,        1,        1, , 1970-01-01T00:00:50Z,   563.6775
     50.00,    1,      378.9,    10.8508,    0.00298,     178.82,  -1.429171,  IDM,            4,        1,        1, , 1970-01-01T00:00:50Z,   378.8605
     50.00,    1,      333.3,    10.2387,    0.01893,      39.54,  -0.612139,  IDM,            7,        1,        1, , 1970-01-01T00:00:50Z,   333.3175
     50.00,    1,      278.3,    10.4372,   -0.01808,      49.05,   0.198529,  IDM,           10,        1,        1, , 1970-01-01T00:00:50Z,   278.2699
     50.00,    2,      466.3,    10.8799,    0.00004,       0.00,   0.000000,  IDM,            2,        1,        1, , 1970-01-01T00:00:50Z,   466.2590
     50.00,    2,      416.1,    10.3627,    0.01139,      44.21,  -0.517238,  IDM,            5,        1,        1, , 1970-01-01T00:00:50Z,   416.0523
     50.00,    2,      361.6,    10.3998,   -0.00025,      48.46,   0.037112,  IDM,            8,        1,        1, , 1970-01-01T00:00:50Z,   361.5880
     50.00,    2,      238.4,    10.9989,   -0.08426,     117.23,   0.599163,  IDM,           11,        1,        1, , 1970-01-01T00:00:50Z,   238.3567
     50.00,    3,      424.0,    10.8800,   -0.00000,       0.00,   0.000000,  IDM,            3,        1,        1, , 1970-01-01T00:00:50Z,   424.0076
     50.00,    3,      375.6,    10.3204,    0.01388,      42.39,  -0.559586,  IDM,            6,        1,        1, , 1970-01-01T00:00:50Z,   375.6190
     50.00,    3,      320.2,    10.4198,   -0.00378,      49.45,   0.099360,  IDM,            9,        1,        1, , 1970-01-01T00:00:50Z,   320.1668
     50.00,    3,      193.1,    11.8686,   -0.48929,     121.06,   1.448841,  IDM,           12,        1,        1, , 1970-01-01T00:00:50Z,   193.1098
     51.00,    1,      576.0,    12.2800,    0.00000,       0.00,   0.000000,  IDM,            1,        1,        1, , 1970-01-01T00:00:51Z,   575.9575
     51.00,    1,      389.7,    10.8533,    0.00215,     180.24,  -1.426670,  IDM,            4,        1,        1, , 1970-01-01T00:00:51Z,   389.7127
     51.00,    1,      343.6,    10.2569,    0.01766,      40.15,  -0.596416,  IDM,            7,        1,        1, , 1970-01-01T00:00:51Z,   343.5654
     51.00,    1,      288.7,    10.4225,   -0.01230,      48.87,   0.165585,  IDM,           10,        1,        1, , 1970-01-01T00:00:51Z,   288.6993
     51.00,    2,      477.1,    10.8799,    0.00003,       0.00,   0.000000,  IDM,            2,        1,        1, , 1970-01-01T00:00:51Z,   477.1389
     51.00,    2,      426.4,    10.3737,    0.01078,      44.72,  -0.506220,  IDM,            5,        1,        1, , 1970-01-01T00:00:51Z,   426.4205
     51.00,    2,      372.0,    10.3997,    0.00012,      48.43,   0.026024,  IDM,            8,        1,        1, , 1970-01-01T00:00:51Z,   371.9877
     51.00,    2,      249.3,    10.9307,   -0.05675,     116.67,   0.531020,  IDM,           11,        1,        1, , 1970-01-01T00:00:51Z,   249.3193
     51.00,    3,      434.9,    10.8800,   -0.00000,       0.00,   0.000000,  IDM,            3,        1,        1, , 1970-01-01T00:00:51Z,   434.8876
     51.00,    3,      385.9,    10.3338,    0.01305,      42.94,  -0.546167,  IDM,            6,        1,        1, , 1970-01-01T00:00:51Z,   385.9462
     51.00,    3,      330.6,    10.4167,   -0.00248,      49.36,   0.082916,  IDM,            9,        1,        1, , 1970-01-01T00:00:51Z,   330.5849
     51.00,    3,      204.8,    11.4919,   -0.30110,     119.81,   1.075208,  IDM,           12,        1,        1, , 1970-01-01T00:00:51Z,   204.7751
     52.00,    1,      588.2,    12.2800,    0.00000,       0.00,   0.000000,  IDM,            1,        1,        1, , 1970-01-01T00:00:52Z,   588.2374
     52.00,    1,      400.6,    10.8551,    0.00158,     181.67,  -1.424850,  IDM,            4,        1,        1, , 1970-01-01T00:00:52Z,   400.5669
     52.00,    1,      353.8,    10.2739,    0.01649,      40.74,  -0.581228,  IDM,            7,        1,        1, , 1970-01-01T00:00:52Z,   353.8309
     52.00,    1,      299.1,    10.4125,   -0.00835,      48.71,   0.138572,  IDM,           10,        1,        1, , 1970-01-01T00:00:52Z,   299.1164
     52.00,    1,      167.9,    13.6691,   -1.71250,     125.18,   3.256656,  IDM,           13,        1,        1, , 1970-01-01T00:00:52Z,   167.9355
     52.00,    2,      488.0,    10.8799,    0.00002,       0.00,   0.000000,  IDM,            2,        1,        1, , 1970-01-01T00:00:52Z,   488.0189
     52.00,    2,      436.8,    10.3842,    0.01022,      45.22,  -0.495776,  IDM,            5,        1,        1, , 1970-01-01T00:00:52Z,   436.7995
     52.00,    2,      382.4,    10.4000,    0.00040,      48.41,   0.015838,  IDM,            8,        1,        1, , 1970-01-01T00:00:52Z,   382.3875
     52.00,    2,      260.2,    10.8846,   -0.03853,     116.16,   0.484619,  IDM,           11,        1,        1, , 1970-01-01T00:00:52Z,   260.2255
     52.00,    3,      445.8,    10.8800,   -0.00000,       0.00,   0.000000,  IDM,            3,        1,        1, , 1970-01-01T00:00:52Z,   445.7676
     52.00,    3,      396.3,    10.3465,    0.01230,      43.48,  -0.533537,  IDM,            6,        1,        1, , 1970-01-01T00:00:52Z,   396.2864
     52.00,    3,      341.0,    10.4148,   -0.00155,      49.29,   0.068345,  IDM,            9,        1,        1, , 1970-01-01T00:00:52Z,   341.0006
     52.00,    3,      216.1,    11.2550,   -0.19276,     118.86,   0.840215,  IDM,           12,        1,        1, , 1970-01-01T00:00:52Z,   216.1400
